Cell_lable,NumberOfDivision
1,97
2,71
3,NaN
4,1
5,12
6,117
7,122
8,32
9,41
10,62
11,NaN
12,14
13,54
14,NaN
15,26
16,35
17,39
18,11
19,18
20,38
21,33
22,1
23,3
24,6
25,14
26,NaN
27,3
28,NaN
29,8
30,1
31,NaN
32,NaN
33,NaN
34,1
35,NaN
36,NaN
37,7
38,8
39,20
40,NaN
41,NaN
42,5
43,NaN
44,5
45,9
46,4
47,NaN
48,1
49,NaN
50,NaN
51,8
52,NaN
53,NaN
54,NaN
55,NaN
56,NaN
57,NaN
58,13
59,10
60,NaN
61,1
62,3
63,NaN
64,NaN
65,NaN
66,NaN
67,NaN
68,NaN
69,14
70,NaN
71,9
72,3
73,NaN
74,NaN
75,5
76,4
77,NaN
78,NaN
79,NaN
80,NaN
81,NaN
82,1
83,NaN
84,2
85,NaN
86,NaN
87,NaN
88,2
89,NaN
90,2
91,1
92,3
93,8
94,NaN
95,NaN
96,NaN
97,NaN
98,NaN
99,NaN
100,2
101,NaN
102,3
103,2
104,1
105,7
106,4
107,NaN
108,NaN
109,2
110,1
111,1
112,6
113,NaN
114,NaN
115,NaN
116,NaN
117,NaN
118,2
119,2
120,NaN
121,NaN
122,NaN
123,NaN
124,1
125,4
126,2
127,1
128,2
129,1
130,2
131,NaN
132,1
133,1
134,2
135,NaN
136,1
137,2
138,NaN
139,1
140,4
141,1
142,3
143,NaN
144,NaN
145,1
146,1
147,NaN
148,1
149,1
150,NaN
151,3
152,NaN
153,1
154,2
155,1
156,1
157,NaN
158,NaN
159,NaN
160,NaN
161,NaN
162,NaN
163,NaN
164,NaN
165,NaN
166,NaN
167,1
168,NaN
169,1
170,2
171,4
172,2
173,NaN
174,3
175,7
176,1
177,1
178,3
179,NaN
180,1
181,NaN
182,NaN
183,NaN
184,NaN
185,NaN
186,1
187,NaN
188,NaN
189,NaN
190,3
191,1
192,1
193,1
194,NaN
195,1
196,NaN
197,3
198,1
199,2
200,NaN
201,NaN
202,NaN
203,1
204,NaN
205,3
206,NaN
207,4
208,NaN
209,NaN
210,NaN
211,NaN
212,1
213,NaN
214,NaN
215,NaN
216,NaN
217,1
218,NaN
219,NaN
220,NaN
221,NaN
222,NaN
223,NaN
224,NaN
225,NaN
226,NaN
227,NaN
228,NaN
229,NaN
230,NaN
231,NaN
232,NaN
233,1
234,2
235,1
236,NaN
237,3
238,NaN
239,NaN
240,1
241,NaN
242,NaN
243,NaN
244,1
245,NaN
246,NaN
247,3
248,1
249,NaN
250,NaN
251,1
252,NaN
253,NaN
254,NaN
255,NaN
256,NaN
257,NaN
258,NaN
259,NaN
260,1
261,1
262,NaN
263,1
264,NaN
265,NaN
266,1
267,1
268,NaN
269,1
270,1
271,NaN
272,NaN
273,NaN
274,NaN
275,NaN
276,NaN
277,1
278,NaN
279,NaN
280,NaN
281,NaN
282,NaN
283,1
284,NaN
285,1
286,NaN
287,NaN
288,NaN
289,1
290,NaN
291,NaN
292,NaN
293,NaN
294,NaN
295,NaN
296,NaN
297,1
298,NaN
299,NaN
300,NaN
301,NaN
302,1
303,NaN
304,NaN
305,NaN
306,NaN
307,NaN
308,NaN
309,NaN
310,3
311,1
312,NaN
313,NaN
314,NaN
315,NaN
316,NaN
317,NaN
318,NaN
319,NaN
320,NaN
321,NaN
322,NaN
323,NaN
324,2
325,NaN
326,1
327,NaN
328,1
329,NaN
330,NaN
331,NaN
332,NaN
333,NaN
334,NaN
335,NaN
336,1
337,NaN
338,NaN
339,NaN
340,NaN
341,NaN
342,NaN
343,NaN
344,NaN
345,NaN
346,NaN
347,1
348,1
349,1
350,2
351,NaN
352,NaN
353,NaN
354,NaN
355,1
356,NaN
357,NaN
358,NaN
359,NaN
360,NaN
361,NaN
362,NaN
363,NaN
364,NaN
365,NaN
366,NaN
367,3
368,1
369,1
370,NaN
371,NaN
372,NaN
373,NaN
374,1
375,NaN
376,NaN
377,NaN
378,NaN
379,2
380,NaN
381,NaN
382,NaN
383,NaN
384,NaN
385,NaN
386,NaN
387,NaN
388,1
389,NaN
390,1
391,NaN
392,NaN
393,NaN
394,NaN
395,1
396,NaN
397,NaN
398,NaN
399,1
400,NaN
401,NaN
402,NaN
403,NaN
404,1
405,1
406,NaN
407,NaN
408,NaN
409,NaN
410,NaN
411,NaN
412,NaN
413,NaN
414,1
415,NaN
416,NaN
417,NaN
418,1
419,1
420,NaN
421,1
422,NaN
423,NaN
424,1
425,1
426,NaN
427,NaN
428,1
429,NaN
430,NaN
431,NaN
432,NaN
433,NaN
434,NaN
435,NaN
436,NaN
437,NaN
438,NaN
439,NaN
440,1
441,NaN
442,NaN
443,NaN
444,NaN
445,NaN
446,NaN
447,NaN
448,NaN
449,NaN
450,NaN
451,NaN
452,NaN
453,NaN
454,NaN
455,NaN
456,NaN
457,NaN
458,1
459,NaN
460,NaN
461,NaN
462,NaN
463,NaN
464,1
465,NaN
466,NaN
467,NaN
468,1
469,NaN
470,NaN
471,NaN
472,NaN
473,NaN
474,NaN
475,NaN
476,NaN
477,NaN
478,NaN
479,NaN
480,NaN
481,NaN
482,NaN
483,NaN
484,NaN
485,NaN
486,NaN
487,NaN
488,NaN
489,NaN
490,NaN
491,NaN
492,NaN
493,NaN
494,2
495,NaN
496,NaN
497,NaN
498,NaN
499,NaN
500,NaN
501,NaN
502,1
503,NaN
504,NaN
505,NaN
506,NaN
507,NaN
508,NaN
509,NaN
510,NaN
511,1
512,NaN
513,NaN
514,NaN
515,NaN
516,NaN
517,NaN
518,1
519,NaN
520,NaN
521,NaN
522,NaN
523,NaN
524,NaN
525,NaN
526,NaN
527,NaN
528,NaN
529,NaN
530,NaN
531,NaN
532,NaN
533,NaN
534,NaN
535,NaN
536,NaN
537,NaN
538,NaN
539,1
540,NaN
541,NaN
542,NaN
543,NaN
544,NaN
545,NaN
546,NaN
547,NaN
548,NaN
549,NaN
550,NaN
551,NaN
552,NaN
553,NaN
554,NaN
555,NaN
556,NaN
557,NaN
558,NaN
559,NaN
560,NaN
561,NaN
562,NaN
563,NaN
564,NaN
565,NaN
566,NaN
567,NaN
568,NaN
569,NaN
570,NaN
571,NaN
572,NaN
573,NaN
574,NaN
575,NaN
576,NaN
577,NaN
578,NaN
579,NaN
580,NaN
581,NaN
582,NaN
583,NaN
584,NaN
585,NaN
586,NaN
587,NaN
588,NaN
589,NaN
590,NaN
591,NaN
592,NaN
593,NaN
594,NaN
595,NaN
596,NaN
597,NaN
598,NaN
599,NaN
600,NaN
601,NaN
602,NaN
603,NaN
604,NaN
605,NaN
606,NaN
607,NaN
608,NaN
609,NaN
610,NaN
611,1
612,NaN
613,NaN
614,NaN
615,1
616,NaN
617,1
618,NaN
619,1
620,NaN
621,NaN
622,1
623,1
624,NaN
625,1
626,NaN
627,NaN
628,NaN
629,NaN
630,NaN
631,NaN
632,NaN
633,NaN
634,1
635,NaN
636,1
637,1
638,1
639,NaN
640,NaN
641,NaN
642,1
643,NaN
644,NaN
645,NaN
646,NaN
647,NaN
648,NaN
649,NaN
650,NaN
651,NaN
652,NaN
653,1
654,1
655,NaN
656,NaN
657,NaN
658,NaN
659,NaN
660,NaN
661,1
662,NaN
663,NaN
664,NaN
665,NaN
666,1
667,NaN
668,NaN
669,NaN
670,NaN
671,NaN
672,1
673,NaN
674,NaN
675,NaN
676,NaN
677,NaN
678,1
679,1
680,NaN
681,NaN
682,NaN
683,1
684,NaN
685,NaN
686,1
687,NaN
688,NaN
689,NaN
690,NaN
691,NaN
692,NaN
693,1
694,NaN
695,NaN
696,NaN
697,NaN
698,NaN
699,NaN
700,NaN
701,NaN
702,NaN
703,NaN
704,NaN
705,NaN
706,NaN
707,NaN
708,NaN
709,NaN
710,NaN
711,NaN
712,NaN
713,1
714,NaN
715,NaN
716,NaN
717,1
718,NaN
719,NaN
720,NaN
721,NaN
722,NaN
723,NaN
724,NaN
725,NaN
726,NaN
727,NaN
728,NaN
729,1
730,NaN
731,NaN
732,NaN
733,NaN
734,NaN
735,NaN
736,NaN
737,NaN
738,NaN
739,NaN
740,NaN
741,NaN
742,NaN
743,NaN
744,NaN
745,NaN
746,NaN
747,NaN
748,NaN
749,1
750,NaN
751,NaN
752,NaN
753,NaN
754,NaN
755,NaN
756,NaN
757,NaN
758,1
759,NaN
760,NaN
761,NaN
762,NaN
763,NaN
764,NaN
765,NaN
766,NaN
767,1
768,1
769,1
770,NaN
771,NaN
772,NaN
773,1
774,NaN
775,NaN
776,1
777,NaN
778,NaN
779,NaN
780,NaN
781,NaN
782,NaN
783,NaN
784,NaN
785,NaN
786,NaN
787,NaN
788,NaN
789,NaN
790,1
791,NaN
792,1
793,NaN
794,NaN
795,NaN
796,NaN
797,NaN
798,NaN
799,NaN
800,NaN
801,NaN
802,NaN
803,NaN
804,NaN
805,NaN
806,NaN
807,NaN
808,NaN
809,NaN
810,NaN
811,1
812,NaN
813,NaN
814,NaN
815,NaN
816,NaN
817,NaN
818,NaN
819,NaN
820,NaN
821,NaN
822,NaN
823,NaN
824,1
825,NaN
826,1
827,NaN
828,NaN
829,1
830,NaN
831,NaN
832,NaN
833,NaN
834,NaN
835,NaN
836,NaN
837,NaN
838,NaN
839,NaN
840,NaN
841,NaN
842,NaN
843,NaN
844,NaN
845,1
846,NaN
847,NaN
848,1
849,NaN
850,NaN
851,NaN
852,NaN
853,1
854,NaN
855,NaN
856,NaN
857,NaN
858,NaN
859,NaN
860,NaN
861,NaN
862,NaN
863,NaN
864,NaN
865,NaN
866,NaN
867,NaN
868,1
869,NaN
870,NaN
871,NaN
872,NaN
873,NaN
874,NaN
875,NaN
876,NaN
877,NaN
878,NaN
879,1
880,NaN
881,1
882,NaN
883,NaN
884,NaN
885,NaN
886,NaN
887,1
888,1
889,NaN
890,NaN
891,NaN
892,NaN
893,1
894,NaN
895,NaN
896,NaN
897,NaN
898,NaN
899,NaN
900,1
901,NaN
902,NaN
903,NaN
904,1
905,NaN
906,NaN
907,NaN
908,NaN
909,1
910,1
911,1
912,NaN
913,NaN
914,NaN
915,NaN
916,NaN
917,NaN
918,NaN
919,1
920,1
921,NaN
922,1
923,1
924,1
925,NaN
926,1
927,NaN
928,NaN
929,NaN
930,NaN
931,1
932,NaN
933,NaN
934,NaN
935,NaN
936,NaN
937,NaN
938,NaN
939,NaN
940,NaN
941,NaN
942,NaN
943,NaN
944,1
945,1
946,NaN
947,NaN
948,NaN
949,NaN
950,1
951,NaN
952,NaN
953,NaN
954,NaN
955,NaN
956,1
957,NaN
958,NaN
959,NaN
960,NaN
961,NaN
962,NaN
963,NaN
964,NaN
965,NaN
966,NaN
967,NaN
968,NaN
969,NaN
970,NaN
971,1
972,NaN
973,NaN
974,NaN
975,1
976,NaN
977,NaN
978,NaN
979,NaN
980,1
981,1
982,1
983,NaN
984,NaN
985,NaN
986,NaN
987,1
988,1
989,NaN
990,1
991,NaN
992,NaN
993,NaN
994,NaN
995,NaN
996,NaN
997,NaN
998,NaN
999,NaN
1000,NaN
1001,NaN
1002,1
1003,NaN
1004,NaN
1005,NaN
1006,NaN
1007,NaN
1008,NaN
1009,NaN
1010,NaN
1011,NaN
1012,1
1013,NaN
1014,NaN
1015,1
1016,NaN
1017,NaN
1018,NaN
1019,NaN
1020,NaN
1021,1
1022,NaN
1023,NaN
1024,NaN
1025,NaN
1026,NaN
1027,NaN
1028,1
1029,NaN
1030,NaN
1031,NaN
1032,1
1033,NaN
1034,NaN
1035,NaN
1036,NaN
1037,NaN
1038,1
1039,1
1040,NaN
1041,1
1042,NaN
1043,NaN
1044,NaN
1045,NaN
1046,1
1047,1
1048,1
1049,NaN
1050,NaN
1051,NaN
1052,NaN
1053,NaN
1054,NaN
1055,1
1056,NaN
1057,NaN
1058,NaN
1059,NaN
1060,NaN
1061,NaN
1062,NaN
1063,NaN
1064,1
1065,NaN
1066,1
1067,1
1068,NaN
1069,NaN
1070,NaN
1071,NaN
1072,NaN
1073,NaN
1074,NaN
1075,NaN
1076,NaN
1077,NaN
1078,1
1079,NaN
1080,1
1081,NaN
1082,NaN
1083,NaN
1084,NaN
1085,NaN
1086,NaN
1087,1
1088,NaN
1089,NaN
1090,NaN
1091,NaN
1092,NaN
1093,NaN
1094,NaN
1095,NaN
1096,NaN
1097,NaN
1098,NaN
1099,NaN
1100,NaN
1101,NaN
1102,NaN
1103,NaN
1104,NaN
1105,NaN
1106,NaN
1107,NaN
1108,3
1109,NaN
1110,NaN
1111,NaN
1112,NaN
1113,1
1114,1
1115,NaN
1116,NaN
1117,NaN
1118,1
1119,NaN
1120,NaN
1121,NaN
1122,NaN
1123,NaN
1124,NaN
1125,NaN
1126,NaN
1127,1
1128,NaN
1129,NaN
1130,NaN
1131,NaN
1132,NaN
1133,NaN
1134,1
1135,1
1136,NaN
1137,1
1138,NaN
1139,NaN
1140,NaN
1141,NaN
1142,NaN
1143,NaN
1144,NaN
1145,1
1146,NaN
1147,NaN
1148,NaN
1149,NaN
1150,1
1151,NaN
1152,NaN
1153,NaN
1154,NaN
1155,NaN
1156,NaN
1157,NaN
1158,NaN
1159,NaN
1160,1
1161,NaN
1162,1
1163,1
1164,NaN
1165,1
1166,NaN
1167,NaN
1168,NaN
1169,NaN
1170,NaN
1171,1
1172,NaN
1173,NaN
1174,NaN
1175,NaN
1176,1
1177,NaN
1178,NaN
1179,1
1180,NaN
1181,1
1182,NaN
1183,NaN
1184,NaN
1185,NaN
1186,1
1187,NaN
1188,NaN
1189,NaN
1190,NaN
1191,NaN
1192,NaN
1193,NaN
1194,NaN
1195,NaN
1196,NaN
1197,NaN
1198,NaN
1199,NaN
1200,NaN
1201,NaN
1202,NaN
1203,NaN
1204,NaN
1205,NaN
1206,1
1207,NaN
1208,NaN
1209,NaN
1210,NaN
1211,NaN
1212,NaN
1213,NaN
1214,NaN
1215,1
1216,NaN
1217,NaN
1218,NaN
1219,NaN
1220,NaN
1221,NaN
1222,NaN
1223,1
1224,1
1225,NaN
1226,NaN
1227,NaN
1228,NaN
1229,1
1230,1
1231,NaN
1232,NaN
1233,NaN
1234,NaN
1235,NaN
1236,NaN
1237,NaN
1238,NaN
1239,NaN
1240,NaN
1241,NaN
1242,NaN
1243,NaN
1244,1
1245,NaN
1246,NaN
1247,NaN
1248,NaN
1249,1
1250,NaN
1251,NaN
1252,1
1253,NaN
1254,NaN
1255,NaN
1256,NaN
1257,NaN
1258,NaN
1259,NaN
1260,NaN
1261,NaN
1262,NaN
1263,NaN
1264,NaN
1265,NaN
1266,NaN
1267,NaN
1268,NaN
1269,NaN
1270,NaN
1271,NaN
1272,1
1273,NaN
1274,NaN
1275,NaN
1276,NaN
1277,NaN
1278,NaN
1279,1
1280,NaN
1281,NaN
1282,NaN
1283,NaN
1284,NaN
1285,NaN
1286,NaN
1287,NaN
1288,NaN
1289,NaN
1290,NaN
1291,NaN
1292,NaN
1293,NaN
1294,NaN
1295,NaN
1296,NaN
1297,NaN
1298,NaN
1299,NaN
1300,NaN
1301,1
1302,NaN
1303,NaN
1304,NaN
1305,NaN
1306,NaN
1307,1
1308,NaN
1309,NaN
1310,NaN
1311,1
1312,NaN
1313,NaN
1314,1
1315,NaN
1316,NaN
1317,NaN
1318,NaN
1319,NaN
1320,NaN
1321,NaN
1322,NaN
1323,NaN
1324,NaN
1325,NaN
1326,NaN
1327,NaN
1328,NaN
1329,NaN
1330,NaN
1331,NaN
1332,NaN
1333,NaN
1334,NaN
1335,NaN
1336,NaN
1337,NaN
1338,NaN
1339,NaN
1340,NaN
1341,NaN
1342,NaN
1343,NaN
1344,NaN
1345,1
1346,NaN
1347,NaN
1348,NaN
1349,NaN
1350,NaN
1351,NaN
1352,NaN
1353,NaN
1354,NaN
1355,NaN
1356,NaN
1357,NaN
1358,NaN
1359,1
1360,NaN
1361,NaN
1362,NaN
1363,NaN
1364,NaN
1365,NaN
1366,NaN
1367,NaN
1368,NaN
1369,NaN
1370,NaN
1371,NaN
1372,NaN
1373,NaN
1374,NaN
1375,NaN
1376,NaN
1377,NaN
1378,NaN
1379,NaN
1380,NaN
1381,NaN
1382,NaN
1383,NaN
1384,NaN
1385,NaN
1386,NaN
1387,NaN
1388,NaN
1389,NaN
1390,NaN
1391,NaN
1392,NaN
1393,NaN
1394,NaN
1395,NaN
1396,NaN
1397,NaN
1398,NaN
1399,NaN
1400,NaN
1401,NaN
1402,NaN
1403,NaN
1404,NaN
1405,NaN
1406,NaN
1407,NaN
1408,NaN
1409,NaN
1410,NaN
1411,NaN
1412,NaN
1413,NaN
1414,NaN
1415,NaN
1416,NaN
1417,NaN
1418,NaN
1419,NaN
1420,NaN
1421,NaN
1422,NaN
1423,NaN
1424,NaN
1425,NaN
1426,NaN
1427,NaN
1428,NaN
1429,NaN
1430,NaN
1431,NaN
1432,NaN
1433,NaN
1434,NaN
1435,NaN
1436,NaN
1437,NaN
1438,NaN
1439,NaN
1440,NaN
1441,NaN
1442,NaN
1443,NaN
1444,NaN
1445,NaN
1446,NaN
1447,NaN
1448,NaN
1449,NaN
1450,1
1451,NaN
1452,1
1453,NaN
1454,1
1455,NaN
1456,NaN
1457,1
1458,1
1459,NaN
1460,1
1461,NaN
1462,NaN
1463,NaN
1464,NaN
1465,NaN
1466,1
1467,NaN
1468,NaN
1469,NaN
1470,1
1471,NaN
1472,NaN
1473,1
1474,NaN
1475,NaN
1476,NaN
1477,NaN
1478,NaN
1479,NaN
1480,NaN
1481,1
1482,NaN
1483,1
1484,1
1485,NaN
1486,NaN
1487,NaN
1488,NaN
1489,NaN
1490,1
1491,NaN
1492,NaN
1493,NaN
1494,NaN
1495,NaN
1496,NaN
1497,NaN
1498,1
1499,NaN
1500,NaN
1501,1
1502,NaN
1503,1
1504,NaN
1505,NaN
1506,NaN
1507,NaN
1508,NaN
1509,NaN
1510,1
1511,NaN
1512,1
1513,1
1514,NaN
1515,NaN
1516,NaN
1517,NaN
1518,NaN
1519,1
1520,1
1521,1
1522,NaN
1523,NaN
1524,NaN
1525,NaN
1526,1
1527,NaN
1528,NaN
1529,NaN
1530,1
1531,1
1532,1
1533,NaN
1534,NaN
1535,NaN
1536,NaN
1537,NaN
1538,NaN
1539,NaN
1540,NaN
1541,NaN
1542,NaN
1543,NaN
1544,NaN
1545,NaN
1546,NaN
1547,NaN
1548,1
1549,NaN
1550,NaN
1551,NaN
1552,NaN
1553,NaN
1554,NaN
1555,1
1556,NaN
1557,NaN
1558,1
1559,NaN
1560,NaN
1561,NaN
1562,NaN
1563,NaN
1564,NaN
1565,NaN
1566,NaN
1567,NaN
1568,NaN
1569,NaN
1570,NaN
1571,1
1572,1
1573,NaN
1574,1
1575,NaN
1576,NaN
1577,NaN
1578,NaN
1579,NaN
1580,NaN
1581,NaN
1582,NaN
1583,NaN
1584,NaN
1585,1
1586,NaN
1587,1
1588,NaN
1589,NaN
1590,1
1591,NaN
1592,NaN
1593,NaN
1594,NaN
1595,1
1596,NaN
1597,NaN
1598,NaN
1599,NaN
1600,NaN
1601,NaN
1602,NaN
1603,NaN
1604,NaN
1605,1
1606,NaN
1607,NaN
1608,1
1609,NaN
1610,NaN
1611,NaN
1612,NaN
1613,1
1614,NaN
1615,NaN
1616,NaN
1617,NaN
1618,NaN
1619,NaN
1620,NaN
1621,NaN
1622,NaN
1623,NaN
1624,1
1625,NaN
1626,NaN
1627,NaN
1628,NaN
1629,NaN
1630,NaN
1631,NaN
1632,NaN
1633,NaN
1634,NaN
1635,NaN
1636,NaN
1637,NaN
1638,NaN
1639,NaN
1640,NaN
1641,NaN
1642,NaN
1643,NaN
1644,NaN
1645,NaN
1646,NaN
1647,NaN
1648,NaN
1649,NaN
1650,NaN
1651,NaN
1652,NaN
1653,NaN
1654,NaN
1655,NaN
1656,1
1657,NaN
1658,1
1659,NaN
1660,NaN
1661,NaN
1662,NaN
1663,NaN
1664,NaN
1665,NaN
1666,NaN
1667,1
1668,NaN
1669,NaN
1670,NaN
1671,NaN
1672,NaN
1673,NaN
1674,NaN
1675,NaN
1676,NaN
1677,NaN
1678,NaN
1679,2
1680,NaN
1681,NaN
1682,NaN
1683,NaN
1684,NaN
1685,NaN
1686,NaN
1687,NaN
1688,NaN
1689,NaN
1690,NaN
1691,NaN
1692,NaN
1693,NaN
1694,1
1695,NaN
1696,NaN
1697,NaN
1698,NaN
1699,NaN
1700,NaN
1701,NaN
1702,NaN
1703,NaN
1704,NaN
1705,NaN
1706,NaN
1707,NaN
1708,NaN
1709,NaN
1710,NaN
1711,NaN
1712,NaN
1713,NaN
1714,NaN
1715,NaN
1716,NaN
1717,NaN
1718,NaN
1719,NaN
1720,NaN
1721,NaN
1722,NaN
1723,NaN
1724,NaN
1725,NaN
1726,1
1727,NaN
1728,NaN
1729,NaN
1730,NaN
1731,1
1732,NaN
1733,NaN
1734,NaN
1735,1
1736,NaN
1737,NaN
1738,NaN
1739,NaN
1740,NaN
1741,NaN
1742,NaN
1743,NaN
1744,NaN
1745,NaN
1746,NaN
1747,NaN
1748,NaN
1749,NaN
1750,NaN
1751,1
1752,NaN
1753,NaN
1754,NaN
1755,NaN
1756,NaN
1757,NaN
1758,NaN
1759,NaN
1760,NaN
1761,NaN
1762,NaN
1763,1
1764,NaN
1765,NaN
1766,NaN
1767,NaN
1768,NaN
1769,NaN
1770,NaN
1771,NaN
1772,NaN
1773,NaN
1774,1
1775,NaN
1776,NaN
1777,NaN
1778,NaN
1779,NaN
1780,NaN
1781,NaN
1782,NaN
1783,NaN
1784,NaN
1785,NaN
1786,NaN
1787,NaN
1788,NaN
1789,NaN
1790,NaN
1791,NaN
1792,NaN
1793,NaN
1794,NaN
1795,1
1796,NaN
1797,NaN
1798,1
1799,NaN
1800,NaN
1801,NaN
1802,NaN
1803,NaN
1804,NaN
1805,NaN
1806,NaN
1807,NaN
1808,NaN
1809,NaN
1810,NaN
1811,1
1812,NaN
1813,NaN
1814,1
1815,NaN
1816,NaN
1817,1
1818,1
1819,NaN
1820,NaN
1821,NaN
1822,1
1823,NaN
1824,NaN
1825,NaN
1826,NaN
1827,1
1828,NaN
1829,NaN
1830,1
1831,NaN
1832,NaN
1833,NaN
1834,NaN
1835,NaN
1836,NaN
1837,NaN
1838,NaN
1839,NaN
1840,NaN
1841,1
1842,NaN
1843,NaN
1844,NaN
1845,1
1846,NaN
1847,NaN
1848,NaN
1849,NaN
1850,NaN
1851,NaN
1852,NaN
1853,NaN
1854,NaN
1855,NaN
1856,NaN
1857,NaN
1858,NaN
1859,NaN
1860,1
1861,1
1862,NaN
1863,NaN
1864,1
1865,NaN
1866,NaN
1867,2
1868,NaN
1869,NaN
1870,NaN
1871,NaN
1872,NaN
1873,NaN
1874,1
1875,1
1876,NaN
1877,NaN
1878,NaN
1879,1
1880,NaN
1881,1
1882,NaN
1883,NaN
1884,1
1885,NaN
1886,NaN
1887,NaN
1888,NaN
1889,NaN
1890,NaN
1891,NaN
1892,NaN
1893,NaN
1894,NaN
1895,NaN
1896,NaN
1897,NaN
1898,NaN
1899,1
1900,NaN
1901,1
1902,NaN
1903,1
1904,1
1905,NaN
1906,1
1907,NaN
1908,NaN
1909,1
1910,NaN
1911,NaN
1912,2
1913,NaN
1914,1
1915,NaN
1916,NaN
1917,NaN
1918,NaN
1919,NaN
1920,NaN
1921,NaN
1922,NaN
1923,NaN
1924,NaN
1925,NaN
1926,1
1927,1
1928,NaN
1929,NaN
1930,NaN
1931,NaN
1932,1
1933,1
1934,NaN
1935,NaN
1936,NaN
1937,NaN
1938,1
1939,NaN
1940,NaN
1941,NaN
1942,NaN
1943,NaN
1944,NaN
1945,1
1946,NaN
1947,NaN
1948,NaN
1949,NaN
1950,NaN
1951,NaN
1952,NaN
1953,NaN
1954,NaN
1955,NaN
1956,NaN
1957,NaN
1958,NaN
1959,NaN
1960,NaN
1961,1
1962,1
1963,NaN
1964,NaN
1965,NaN
1966,1
1967,1
1968,NaN
1969,NaN
1970,1
1971,NaN
1972,1
1973,NaN
1974,NaN
1975,NaN
1976,NaN
1977,1
1978,NaN
1979,NaN
1980,NaN
1981,NaN
1982,NaN
1983,NaN
1984,1
1985,NaN
1986,NaN
1987,NaN
1988,1
1989,NaN
1990,NaN
1991,NaN
1992,NaN
1993,NaN
1994,NaN
1995,1
1996,NaN
1997,1
1998,1
1999,NaN
2000,1
2001,NaN
2002,1
2003,NaN
2004,NaN
2005,NaN
2006,NaN
2007,NaN
2008,NaN
2009,NaN
2010,NaN
2011,NaN
2012,NaN
2013,NaN
2014,NaN
2015,NaN
2016,NaN
2017,NaN
2018,NaN
2019,1
2020,NaN
2021,1
2022,NaN
2023,NaN
2024,NaN
2025,NaN
2026,NaN
2027,NaN
2028,NaN
2029,1
2030,NaN
2031,NaN
2032,NaN
2033,NaN
2034,NaN
2035,NaN
2036,NaN
2037,NaN
2038,NaN
2039,NaN
2040,1
2041,1
2042,NaN
2043,NaN
2044,NaN
2045,1
2046,NaN
2047,NaN
2048,1
2049,NaN
2050,NaN
2051,1
2052,NaN
2053,NaN
2054,NaN
2055,NaN
2056,NaN
2057,NaN
2058,NaN
2059,NaN
2060,NaN
2061,NaN
2062,NaN
2063,NaN
2064,NaN
2065,NaN
2066,NaN
2067,1
2068,NaN
2069,NaN
2070,NaN
2071,NaN
2072,NaN
2073,NaN
2074,NaN
2075,NaN
2076,NaN
2077,NaN
2078,NaN
2079,NaN
2080,NaN
2081,NaN
2082,NaN
2083,NaN
2084,NaN
2085,NaN
2086,NaN
2087,1
2088,NaN
2089,NaN
2090,NaN
2091,NaN
2092,NaN
2093,NaN
2094,NaN
2095,NaN
2096,NaN
2097,NaN
2098,NaN
2099,1
2100,NaN
2101,NaN
2102,NaN
2103,NaN
2104,NaN
2105,NaN
2106,NaN
2107,NaN
2108,NaN
2109,1
2110,NaN
2111,NaN
2112,NaN
2113,NaN
2114,1
2115,NaN
2116,1
2117,1
2118,NaN
2119,NaN
2120,1
2121,NaN
2122,NaN
2123,NaN
2124,NaN
2125,NaN
2126,NaN
2127,NaN
2128,NaN
2129,NaN
2130,NaN
2131,NaN
2132,NaN
2133,NaN
2134,NaN
2135,NaN
2136,NaN
2137,NaN
2138,NaN
2139,NaN
2140,NaN
2141,NaN
2142,NaN
2143,NaN
2144,NaN
2145,NaN
2146,NaN
2147,NaN
2148,NaN
2149,NaN
2150,NaN
2151,NaN
2152,NaN
2153,NaN
2154,NaN
2155,NaN
2156,NaN
2157,NaN
2158,NaN
2159,NaN
2160,NaN
2161,NaN
2162,NaN
2163,NaN
2164,NaN
2165,NaN
2166,1
2167,NaN
2168,NaN
2169,NaN
2170,NaN
2171,NaN
2172,NaN
2173,NaN
2174,NaN
2175,NaN
2176,NaN
2177,NaN
2178,NaN
2179,NaN
2180,NaN
2181,NaN
2182,NaN
2183,NaN
2184,NaN
2185,NaN
2186,NaN
2187,NaN
2188,NaN
2189,NaN
2190,NaN
2191,NaN
2192,NaN
2193,NaN
2194,NaN
2195,NaN
2196,NaN
2197,NaN
2198,NaN
2199,NaN
2200,NaN
2201,NaN
2202,NaN
2203,NaN
2204,NaN
2205,NaN
2206,NaN
2207,NaN
2208,NaN
2209,NaN
2210,NaN
2211,NaN
2212,NaN
2213,NaN
2214,NaN
2215,NaN
2216,NaN
2217,NaN
2218,NaN
2219,NaN
2220,NaN
2221,NaN
2222,NaN
2223,NaN
2224,NaN
2225,NaN
2226,NaN
2227,NaN
2228,NaN
2229,NaN
2230,NaN
2231,NaN
2232,NaN
2233,NaN
2234,NaN
2235,NaN
2236,NaN
2237,NaN
2238,NaN
2239,NaN
2240,NaN
2241,NaN
2242,NaN
2243,NaN
2244,NaN
2245,NaN
2246,NaN
2247,NaN
2248,NaN
2249,NaN
2250,NaN
2251,NaN
2252,NaN
2253,NaN
2254,NaN
2255,NaN
2256,NaN
2257,NaN
2258,NaN
2259,NaN
2260,NaN
2261,NaN
2262,NaN
2263,NaN
2264,NaN
2265,NaN
2266,NaN
2267,NaN
2268,NaN
2269,NaN
2270,NaN
2271,NaN
2272,NaN
2273,NaN
2274,NaN
2275,NaN
2276,NaN
2277,NaN
2278,NaN
2279,NaN
2280,NaN
2281,NaN
2282,NaN
2283,NaN
2284,NaN
2285,NaN
2286,NaN
2287,NaN
2288,NaN
2289,NaN
2290,NaN
2291,NaN
2292,NaN
2293,NaN
2294,NaN
2295,NaN
2296,NaN
2297,NaN
2298,NaN
2299,NaN
2300,NaN
2301,NaN
2302,NaN
2303,NaN
2304,NaN
2305,NaN
2306,NaN
2307,NaN
2308,NaN
2309,NaN
2310,NaN
2311,NaN
2312,NaN
2313,NaN
2314,NaN
2315,NaN
2316,NaN
2317,NaN
2318,NaN
2319,NaN
2320,NaN
2321,NaN
2322,NaN
2323,NaN
2324,NaN
2325,NaN
2326,NaN
2327,NaN
2328,NaN
2329,NaN
2330,NaN
2331,NaN
2332,NaN
2333,NaN
2334,NaN
2335,NaN
2336,NaN
2337,NaN
2338,NaN
2339,NaN
2340,NaN
2341,NaN
2342,NaN
2343,NaN
2344,NaN
2345,NaN
2346,NaN
2347,NaN
2348,NaN
2349,NaN
2350,NaN
2351,NaN
2352,NaN
2353,NaN
2354,NaN
2355,NaN
2356,NaN
2357,NaN
2358,NaN
2359,NaN
2360,NaN
2361,NaN
2362,NaN
2363,NaN
2364,NaN
2365,NaN
2366,NaN
2367,NaN
2368,NaN
2369,NaN
2370,NaN
2371,NaN
2372,NaN
2373,NaN
2374,NaN
2375,NaN
2376,NaN
2377,NaN
2378,NaN
2379,NaN
2380,NaN
2381,NaN
2382,NaN
2383,NaN
2384,NaN
2385,NaN
2386,NaN
2387,NaN
2388,NaN
2389,NaN
2390,NaN
2391,NaN
2392,NaN
2393,NaN
2394,NaN
2395,NaN
2396,NaN
2397,NaN
2398,NaN
2399,NaN
2400,NaN
2401,NaN
2402,NaN
2403,NaN
2404,NaN
2405,NaN
2406,NaN
2407,NaN
2408,NaN
2409,NaN
2410,NaN
2411,NaN
2412,NaN
2413,NaN
2414,NaN
2415,NaN
2416,NaN
2417,NaN
2418,NaN
2419,NaN
2420,NaN
2421,NaN
2422,NaN
2423,NaN
2424,NaN
2425,NaN
2426,NaN
2427,NaN
2428,NaN
2429,NaN
2430,NaN
2431,NaN
2432,NaN
2433,NaN
2434,NaN
2435,NaN
2436,NaN
2437,NaN
2438,NaN
2439,NaN
2440,NaN
2441,NaN
2442,NaN
2443,NaN
2444,NaN
2445,NaN
2446,NaN
2447,NaN
2448,NaN
2449,NaN
2450,NaN
2451,NaN
2452,NaN
2453,NaN
2454,NaN
2455,NaN
2456,NaN
2457,NaN
2458,NaN
2459,NaN
2460,NaN
2461,NaN
2462,NaN
2463,NaN
2464,NaN
2465,NaN
2466,NaN
2467,NaN
2468,NaN
2469,NaN
2470,NaN
2471,NaN
2472,NaN
2473,NaN
2474,NaN
2475,NaN
2476,NaN
2477,NaN
2478,NaN
2479,NaN
2480,NaN
2481,NaN
2482,NaN
2483,NaN
2484,NaN
2485,NaN
2486,NaN
2487,NaN
2488,NaN
2489,NaN
2490,NaN
2491,NaN
2492,NaN
2493,NaN
2494,NaN
2495,NaN
2496,NaN
2497,NaN
2498,NaN
2499,NaN
2500,NaN
2501,NaN
2502,NaN
2503,NaN
2504,NaN
2505,NaN
2506,NaN
2507,NaN
2508,NaN
2509,NaN
2510,NaN
2511,NaN
2512,NaN
2513,NaN
2514,NaN
2515,NaN
2516,NaN
2517,NaN
2518,NaN
2519,NaN
2520,NaN
2521,NaN
2522,NaN
2523,NaN
2524,NaN
2525,NaN
2526,NaN
2527,NaN
2528,NaN
2529,NaN
2530,NaN
2531,NaN
2532,NaN
2533,NaN
2534,NaN
2535,NaN
2536,NaN
2537,NaN
2538,NaN
2539,NaN
2540,NaN
2541,NaN
2542,NaN
2543,NaN
2544,NaN
2545,NaN
2546,NaN
2547,NaN
2548,NaN
2549,NaN
2550,NaN
2551,NaN
2552,NaN
2553,NaN
2554,NaN
2555,NaN
2556,NaN
2557,NaN
2558,NaN
2559,NaN
2560,NaN
2561,NaN
2562,NaN
2563,NaN
2564,NaN
2565,NaN
2566,NaN
2567,NaN
2568,NaN
2569,NaN
2570,NaN
2571,NaN
2572,NaN
2573,NaN
2574,NaN
2575,NaN
2576,NaN
2577,NaN
2578,NaN
2579,NaN
2580,NaN
2581,NaN
2582,NaN
2583,NaN
2584,NaN
2585,NaN
2586,NaN
2587,NaN
2588,NaN
2589,NaN
2590,NaN
2591,NaN
2592,NaN
2593,NaN
2594,NaN
2595,NaN
2596,NaN
2597,NaN
2598,NaN
2599,NaN
2600,NaN
2601,NaN
2602,NaN
2603,NaN
2604,NaN
2605,NaN
2606,NaN
2607,NaN
2608,NaN
2609,NaN
2610,NaN
2611,NaN
2612,NaN
2613,NaN
2614,NaN
2615,NaN
2616,NaN
2617,NaN
2618,NaN
2619,NaN
2620,NaN
2621,NaN
2622,NaN
2623,NaN
2624,NaN
2625,NaN
2626,NaN
2627,NaN
2628,NaN
2629,NaN
2630,NaN
2631,NaN
2632,NaN
2633,NaN
2634,NaN
2635,NaN
2636,NaN
2637,NaN
2638,NaN
2639,NaN
2640,NaN
2641,NaN
2642,NaN
2643,NaN
2644,NaN
2645,NaN
2646,NaN
2647,NaN
2648,NaN
2649,NaN
2650,NaN
2651,NaN
2652,NaN
2653,NaN
2654,NaN
2655,NaN
2656,NaN
2657,NaN
2658,NaN
2659,NaN
2660,NaN
2661,NaN
2662,NaN
2663,NaN
2664,NaN
2665,NaN
2666,NaN
2667,NaN
2668,NaN
2669,NaN
2670,NaN
2671,NaN
2672,NaN
2673,NaN
2674,NaN
2675,NaN
2676,NaN
2677,NaN
2678,NaN
2679,NaN
2680,NaN
2681,NaN
2682,NaN
2683,NaN
2684,NaN
2685,NaN
2686,NaN
2687,NaN
2688,NaN
2689,NaN
2690,NaN
2691,NaN
2692,NaN
2693,NaN
2694,NaN
2695,NaN
2696,NaN
2697,NaN
2698,NaN
2699,NaN
2700,NaN
2701,NaN
2702,NaN
2703,NaN
2704,NaN
2705,NaN
2706,NaN
2707,NaN
2708,NaN
2709,NaN
2710,NaN
2711,NaN
2712,NaN
2713,NaN
2714,NaN
2715,NaN
2716,NaN
2717,NaN
2718,NaN
2719,NaN
2720,NaN
2721,NaN
2722,NaN
2723,NaN
2724,NaN
2725,NaN
2726,NaN
2727,NaN
2728,NaN
2729,NaN
2730,NaN
2731,NaN
2732,NaN
2733,NaN
2734,NaN
2735,NaN
2736,NaN
2737,NaN
2738,NaN
2739,NaN
2740,NaN
2741,NaN
2742,NaN
2743,NaN
2744,NaN
2745,NaN
2746,NaN
2747,NaN
2748,NaN
2749,NaN
2750,NaN
2751,NaN
2752,NaN
2753,NaN
2754,NaN
2755,NaN
2756,NaN
2757,NaN
2758,NaN
2759,NaN
2760,NaN
2761,NaN
2762,NaN
2763,NaN
2764,NaN
2765,NaN
2766,NaN
2767,NaN
2768,NaN
2769,NaN
2770,NaN
2771,NaN
2772,NaN
2773,NaN
2774,NaN
2775,NaN
2776,NaN
2777,NaN
2778,NaN
2779,NaN
2780,NaN
2781,NaN
2782,NaN
2783,NaN
2784,NaN
2785,NaN
2786,NaN
2787,NaN
2788,NaN
2789,NaN
2790,NaN
2791,NaN
2792,NaN
2793,NaN
2794,NaN
2795,NaN
2796,NaN
2797,NaN
2798,NaN
2799,NaN
2800,NaN
2801,NaN
2802,NaN
2803,NaN
2804,NaN
2805,NaN
2806,NaN
2807,NaN
2808,NaN
2809,NaN
2810,NaN
2811,NaN
2812,NaN
2813,NaN
2814,NaN
2815,NaN
2816,NaN
2817,NaN
2818,NaN
2819,NaN
2820,NaN
2821,NaN
2822,NaN
2823,NaN
2824,NaN
2825,NaN
2826,NaN
2827,NaN
2828,NaN
2829,NaN
2830,NaN
2831,NaN
2832,NaN
2833,NaN
2834,NaN
2835,NaN
2836,NaN
2837,NaN
2838,NaN
2839,NaN
2840,NaN
2841,NaN
2842,NaN
2843,NaN
2844,NaN
2845,NaN
2846,NaN
2847,NaN
2848,NaN
2849,NaN
2850,NaN
2851,NaN
2852,NaN
2853,NaN
2854,NaN
2855,NaN
2856,NaN
2857,NaN
2858,NaN
2859,NaN
2860,NaN
2861,NaN
2862,NaN
2863,NaN
2864,NaN
2865,NaN
2866,NaN
2867,NaN
2868,NaN
2869,NaN
2870,NaN
2871,NaN
2872,NaN
2873,NaN
2874,NaN
2875,NaN
2876,NaN
2877,NaN
2878,NaN
2879,NaN
2880,NaN
2881,NaN
2882,NaN
2883,NaN
2884,NaN
2885,NaN
2886,NaN
2887,NaN
2888,NaN
2889,NaN
2890,NaN
2891,NaN
2892,NaN
2893,NaN
2894,NaN
2895,NaN
2896,NaN
2897,NaN
2898,NaN
2899,NaN
2900,NaN
2901,NaN
2902,NaN
2903,NaN
2904,NaN
2905,NaN
2906,NaN
2907,NaN
2908,NaN
2909,NaN
2910,NaN
2911,NaN
2912,NaN
2913,NaN
2914,NaN
2915,NaN
2916,NaN
2917,NaN
2918,NaN
2919,NaN
2920,NaN
2921,NaN
2922,NaN
2923,NaN
2924,NaN
2925,NaN
2926,NaN
2927,NaN
2928,NaN
2929,NaN
2930,NaN
2931,NaN
2932,NaN
2933,NaN
2934,NaN
2935,NaN
2936,NaN
2937,NaN
2938,NaN
2939,NaN
2940,NaN
2941,NaN
2942,NaN
2943,NaN
2944,NaN
2945,NaN
2946,NaN
2947,NaN
2948,NaN
2949,NaN
2950,NaN
2951,NaN
2952,NaN
2953,NaN
2954,NaN
2955,NaN
2956,NaN
2957,NaN
2958,NaN
2959,NaN
2960,NaN
2961,NaN
2962,NaN
2963,NaN
2964,NaN
2965,NaN
2966,NaN
2967,NaN
2968,NaN
2969,NaN
2970,NaN
2971,NaN
2972,NaN
2973,NaN
2974,NaN
2975,NaN
2976,NaN
2977,NaN
2978,NaN
2979,NaN
2980,NaN
2981,NaN
2982,NaN
2983,NaN
2984,NaN
2985,NaN
2986,NaN
2987,NaN
2988,NaN
2989,NaN
2990,NaN
2991,NaN
2992,NaN
2993,NaN
2994,NaN
2995,NaN
2996,NaN
2997,NaN
2998,NaN
2999,NaN
3000,NaN
3001,NaN
3002,NaN
3003,NaN
3004,NaN
3005,NaN
3006,NaN
3007,NaN
3008,NaN
3009,NaN
3010,NaN
3011,NaN
3012,NaN
3013,NaN
3014,NaN
3015,NaN
3016,NaN
3017,NaN
3018,NaN
3019,NaN
3020,NaN
3021,NaN
3022,NaN
3023,NaN
3024,NaN
3025,NaN
3026,NaN
3027,NaN
3028,NaN
3029,NaN
3030,NaN
3031,NaN
3032,NaN
3033,NaN
3034,NaN
3035,NaN
3036,NaN
3037,NaN
3038,NaN
3039,NaN
3040,NaN
3041,NaN
3042,NaN
3043,NaN
3044,NaN
3045,NaN
3046,NaN
3047,NaN
3048,NaN
3049,NaN
3050,NaN
3051,NaN
3052,NaN
3053,NaN
3054,NaN
3055,NaN
3056,NaN
3057,NaN
3058,NaN
3059,NaN
3060,NaN
3061,NaN
3062,NaN
3063,NaN
3064,NaN
3065,NaN
3066,NaN
3067,NaN
3068,NaN
3069,NaN
3070,NaN
3071,NaN
3072,NaN
3073,NaN
3074,NaN
3075,NaN
3076,NaN
3077,NaN
3078,NaN
3079,NaN
3080,NaN
3081,NaN
3082,NaN
3083,NaN
3084,NaN
3085,NaN
3086,NaN
3087,NaN
3088,NaN
3089,NaN
3090,NaN
3091,NaN
3092,NaN
3093,NaN
3094,NaN
3095,NaN
3096,NaN
3097,NaN
3098,NaN
3099,NaN
3100,NaN
3101,NaN
3102,NaN
3103,NaN
3104,NaN
3105,NaN
3106,NaN
3107,NaN
3108,NaN
3109,NaN
3110,NaN
3111,NaN
3112,NaN
3113,NaN
3114,NaN
3115,NaN
3116,NaN
3117,NaN
3118,NaN
3119,NaN
3120,NaN
3121,NaN
3122,NaN
3123,NaN
3124,NaN
3125,NaN
3126,NaN
3127,NaN
3128,NaN
3129,NaN
3130,NaN
3131,NaN
3132,NaN
3133,NaN
3134,NaN
3135,NaN
3136,NaN
3137,NaN
3138,NaN
3139,NaN
3140,NaN
3141,NaN
3142,NaN
3143,NaN
3144,NaN
3145,NaN
3146,NaN
3147,NaN
3148,NaN
3149,NaN
3150,NaN
3151,NaN
3152,NaN
3153,NaN
3154,NaN
3155,NaN
3156,NaN
3157,NaN
3158,NaN
3159,NaN
3160,NaN
3161,NaN
3162,NaN
3163,NaN
3164,NaN
3165,NaN
3166,NaN
3167,NaN
3168,NaN
3169,NaN
3170,NaN
3171,NaN
3172,NaN
3173,NaN
3174,NaN
3175,NaN
3176,NaN
3177,NaN
3178,NaN
3179,NaN
3180,NaN
3181,NaN
3182,NaN
3183,NaN
3184,NaN
3185,NaN
3186,NaN
3187,NaN
3188,NaN
3189,NaN
3190,NaN
3191,NaN
3192,NaN
3193,NaN
3194,NaN
3195,NaN
3196,NaN
3197,NaN
3198,NaN
3199,NaN
3200,NaN
3201,NaN
3202,NaN
3203,NaN
3204,NaN
3205,NaN
3206,NaN
3207,NaN
3208,NaN
3209,NaN
3210,NaN
3211,NaN
3212,NaN
3213,NaN
3214,NaN
3215,NaN
3216,NaN
3217,NaN
3218,NaN
3219,NaN
3220,NaN
3221,NaN
3222,NaN
3223,NaN
3224,NaN
3225,NaN
3226,NaN
3227,NaN
3228,NaN
3229,NaN
3230,NaN
3231,NaN
3232,NaN
3233,NaN
3234,NaN
3235,NaN
3236,NaN
3237,NaN
3238,NaN
3239,NaN
3240,NaN
3241,NaN
3242,NaN
3243,NaN
3244,NaN
3245,NaN
3246,NaN
3247,NaN
3248,NaN
3249,NaN
3250,NaN
3251,NaN
3252,NaN
3253,NaN
3254,NaN
3255,NaN
3256,NaN
3257,NaN
3258,NaN
3259,NaN
3260,NaN
3261,NaN
3262,NaN
3263,NaN
3264,NaN
3265,NaN
3266,NaN
3267,NaN
3268,NaN
3269,NaN
3270,NaN
3271,NaN
3272,NaN
3273,NaN
3274,NaN
3275,NaN
3276,NaN
3277,NaN
3278,NaN
3279,NaN
3280,NaN
3281,NaN
3282,NaN
3283,NaN
3284,NaN
3285,NaN
3286,NaN
3287,NaN
3288,NaN
3289,NaN
3290,NaN
3291,NaN
3292,NaN
3293,NaN
3294,NaN
3295,NaN
3296,NaN
3297,NaN
3298,NaN
3299,NaN
3300,NaN
3301,NaN
3302,NaN
3303,NaN
3304,NaN
3305,NaN
3306,NaN
3307,NaN
3308,NaN
3309,NaN
3310,NaN
3311,NaN
3312,NaN
3313,NaN
3314,NaN
3315,NaN
3316,NaN
3317,NaN
3318,NaN
3319,NaN
3320,NaN
3321,NaN
3322,NaN
3323,NaN
3324,NaN
3325,NaN
3326,NaN
3327,NaN
3328,NaN
3329,NaN
3330,NaN
3331,NaN
3332,NaN
3333,NaN
3334,NaN
3335,NaN
3336,NaN
3337,NaN
3338,NaN
3339,NaN
3340,NaN
3341,1
3342,NaN
3343,NaN
3344,NaN
3345,NaN
3346,NaN
3347,NaN
3348,NaN
3349,NaN
3350,NaN
3351,NaN
3352,NaN
3353,NaN
3354,NaN
3355,NaN
3356,NaN
3357,NaN
3358,NaN
3359,NaN
3360,NaN
3361,NaN
3362,NaN
3363,NaN
3364,NaN
3365,NaN
3366,NaN
3367,NaN
3368,NaN
3369,NaN
3370,NaN
3371,NaN
3372,NaN
3373,NaN
3374,NaN
3375,NaN
3376,NaN
3377,NaN
3378,NaN
3379,NaN
3380,NaN
3381,NaN
3382,NaN
3383,NaN
3384,NaN
3385,NaN
3386,NaN
3387,NaN
3388,NaN
3389,NaN
3390,NaN
3391,NaN
3392,NaN
3393,1
3394,NaN
3395,NaN
3396,NaN
3397,NaN
3398,NaN
3399,NaN
3400,NaN
3401,NaN
3402,NaN
3403,NaN
3404,NaN
3405,NaN
3406,NaN
3407,NaN
3408,NaN
3409,NaN
3410,NaN
3411,NaN
3412,NaN
3413,NaN
3414,NaN
3415,NaN
3416,NaN
3417,NaN
3418,NaN
3419,NaN
3420,NaN
3421,NaN
3422,NaN
3423,NaN
3424,NaN
3425,NaN
3426,NaN
3427,NaN
3428,NaN
3429,NaN
3430,NaN
3431,NaN
3432,NaN
3433,NaN
3434,NaN
3435,NaN
3436,NaN
3437,NaN
3438,NaN
3439,NaN
3440,NaN
3441,NaN
3442,NaN
3443,NaN
3444,NaN
3445,NaN
3446,NaN
3447,NaN
3448,NaN
3449,NaN
3450,NaN
3451,NaN
3452,NaN
3453,NaN
3454,NaN
3455,NaN
3456,NaN
3457,NaN
3458,NaN
3459,NaN
3460,NaN
3461,NaN
3462,NaN
3463,NaN
3464,NaN
3465,NaN
3466,NaN
3467,NaN
3468,NaN
3469,NaN
3470,NaN
3471,NaN
3472,NaN
3473,NaN
3474,NaN
3475,NaN
3476,NaN
3477,NaN
3478,NaN
3479,NaN
3480,NaN
3481,NaN
3482,NaN
3483,NaN
3484,NaN
3485,NaN
3486,NaN
3487,NaN
3488,NaN
3489,NaN
3490,NaN
3491,NaN
3492,NaN
3493,NaN
3494,NaN
3495,NaN
3496,NaN
3497,NaN
3498,NaN
3499,NaN
3500,NaN
3501,NaN
3502,NaN
3503,NaN
3504,NaN
3505,NaN
3506,NaN
3507,NaN
3508,NaN
3509,NaN
3510,NaN
3511,NaN
3512,NaN
3513,NaN
3514,NaN
3515,NaN
3516,NaN
3517,NaN
3518,NaN
3519,NaN
3520,NaN
3521,NaN
3522,NaN
3523,NaN
3524,NaN
3525,NaN
3526,NaN
3527,NaN
3528,NaN
3529,NaN
3530,NaN
3531,NaN
3532,NaN
3533,NaN
3534,NaN
3535,NaN
3536,NaN
3537,NaN
3538,NaN
3539,NaN
3540,NaN
3541,NaN
3542,NaN
3543,NaN
3544,NaN
3545,NaN
3546,NaN
3547,NaN
3548,NaN
3549,NaN
3550,NaN
3551,NaN
3552,NaN
3553,NaN
3554,NaN
3555,NaN
3556,NaN
3557,NaN
3558,NaN
3559,NaN
3560,NaN
3561,NaN
3562,NaN
3563,NaN
3564,NaN
3565,NaN
3566,NaN
3567,NaN
3568,NaN
3569,NaN
3570,NaN
3571,NaN
3572,NaN
3573,NaN
3574,NaN
3575,NaN
3576,NaN
3577,NaN
3578,NaN
3579,NaN
3580,NaN
3581,NaN
3582,NaN
3583,NaN
3584,NaN
3585,NaN
3586,NaN
3587,NaN
3588,NaN
3589,NaN
3590,NaN
3591,NaN
3592,NaN
3593,NaN
3594,NaN
3595,NaN
3596,NaN
3597,NaN
3598,NaN
3599,NaN
3600,NaN
3601,NaN
3602,NaN
3603,NaN
3604,NaN
3605,NaN
3606,NaN
3607,NaN
3608,NaN
3609,NaN
3610,NaN
3611,NaN
3612,NaN
3613,NaN
3614,NaN
3615,NaN
3616,NaN
3617,NaN
3618,NaN
3619,NaN
3620,NaN
3621,NaN
3622,NaN
3623,NaN
3624,NaN
3625,NaN
3626,NaN
3627,NaN
3628,NaN
3629,NaN
3630,NaN
3631,NaN
3632,NaN
3633,NaN
3634,NaN
3635,NaN
3636,NaN
3637,NaN
3638,NaN
3639,NaN
3640,NaN
3641,NaN
3642,NaN
3643,NaN
3644,NaN
3645,NaN
3646,NaN
3647,NaN
3648,NaN
3649,NaN
3650,NaN
3651,NaN
3652,NaN
3653,NaN
3654,NaN
3655,NaN
3656,NaN
3657,NaN
3658,NaN
3659,NaN
3660,NaN
3661,NaN
3662,NaN
3663,NaN
3664,NaN
3665,NaN
3666,NaN
3667,NaN
3668,NaN
3669,NaN
3670,NaN
3671,NaN
3672,NaN
3673,NaN
3674,NaN
3675,1
3676,NaN
3677,NaN
3678,NaN
3679,NaN
3680,NaN
3681,NaN
3682,NaN
3683,NaN
3684,NaN
3685,NaN
3686,NaN
3687,NaN
3688,NaN
3689,NaN
3690,NaN
3691,NaN
3692,NaN
3693,NaN
3694,NaN
3695,NaN
3696,NaN
3697,NaN
3698,NaN
3699,NaN
3700,NaN
3701,NaN
3702,NaN
3703,NaN
3704,NaN
3705,NaN
3706,NaN
3707,NaN
3708,NaN
3709,NaN
3710,NaN
3711,NaN
3712,NaN
3713,NaN
3714,NaN
3715,NaN
3716,NaN
3717,NaN
3718,NaN
3719,NaN
3720,NaN
3721,NaN
3722,NaN
3723,NaN
3724,NaN
3725,NaN
3726,NaN
3727,NaN
3728,NaN
3729,NaN
3730,NaN
3731,NaN
3732,NaN
3733,NaN
3734,NaN
3735,NaN
3736,NaN
3737,NaN
3738,NaN
3739,NaN
3740,NaN
3741,NaN
3742,NaN
3743,NaN
3744,NaN
3745,NaN
3746,NaN
3747,NaN
3748,NaN
3749,NaN
3750,NaN
3751,NaN
3752,NaN
3753,NaN
3754,NaN
3755,NaN
3756,NaN
3757,NaN
3758,NaN
3759,NaN
3760,NaN
3761,NaN
3762,NaN
3763,NaN
3764,NaN
3765,NaN
3766,NaN
3767,NaN
3768,NaN
3769,NaN
3770,NaN
3771,NaN
3772,NaN
3773,NaN
3774,NaN
3775,NaN
3776,NaN
3777,NaN
3778,NaN
3779,NaN
3780,NaN
3781,NaN
3782,NaN
3783,NaN
3784,NaN
3785,NaN
3786,NaN
3787,NaN
3788,NaN
3789,NaN
3790,NaN
3791,NaN
3792,NaN
3793,NaN
3794,NaN
3795,NaN
3796,NaN
3797,NaN
3798,NaN
3799,NaN
3800,NaN
3801,NaN
3802,NaN
3803,NaN
3804,NaN
3805,NaN
3806,NaN
3807,NaN
3808,NaN
3809,NaN
3810,NaN
3811,NaN
3812,NaN
3813,NaN
3814,NaN
3815,NaN
3816,NaN
3817,NaN
3818,NaN
3819,NaN
3820,NaN
3821,NaN
3822,NaN
3823,NaN
3824,NaN
3825,NaN
3826,NaN
3827,NaN
3828,NaN
3829,NaN
3830,NaN
3831,NaN
3832,NaN
3833,NaN
3834,NaN
3835,NaN
3836,NaN
3837,NaN
3838,NaN
3839,NaN
3840,NaN
3841,NaN
3842,NaN
3843,NaN
3844,NaN
3845,NaN
3846,NaN
3847,NaN
3848,NaN
3849,NaN
3850,NaN
3851,NaN
3852,NaN
3853,NaN
3854,NaN
3855,NaN
3856,NaN
3857,NaN
3858,NaN
3859,NaN
3860,NaN
3861,NaN
3862,NaN
3863,NaN
3864,NaN
3865,NaN
3866,NaN
3867,NaN
3868,NaN
3869,NaN
3870,NaN
3871,NaN
3872,NaN
3873,NaN
3874,NaN
3875,NaN
3876,NaN
3877,NaN
3878,NaN
3879,NaN
3880,NaN
3881,NaN
3882,NaN
3883,NaN
3884,NaN
3885,NaN
3886,NaN
3887,NaN
3888,NaN
3889,NaN
3890,NaN
3891,NaN
3892,NaN
3893,NaN
3894,NaN
3895,NaN
3896,NaN
3897,NaN
3898,NaN
3899,NaN
3900,NaN
3901,NaN
3902,NaN
3903,NaN
3904,NaN
3905,NaN
3906,NaN
3907,NaN
3908,NaN
3909,NaN
3910,NaN
3911,NaN
3912,NaN
3913,NaN
3914,NaN
3915,NaN
3916,NaN
3917,NaN
3918,NaN
3919,NaN
3920,NaN
3921,NaN
3922,NaN
3923,NaN
3924,NaN
3925,NaN
3926,NaN
3927,NaN
3928,NaN
3929,NaN
3930,NaN
3931,NaN
3932,NaN
3933,NaN
3934,NaN
3935,NaN
3936,NaN
3937,NaN
3938,NaN
3939,NaN
3940,NaN
3941,NaN
3942,NaN
3943,NaN
3944,NaN
3945,NaN
3946,NaN
3947,NaN
3948,NaN
3949,NaN
3950,NaN
3951,NaN
3952,NaN
3953,NaN
3954,NaN
3955,NaN
3956,NaN
3957,NaN
3958,NaN
3959,NaN
3960,NaN
3961,NaN
3962,NaN
3963,NaN
3964,NaN
3965,NaN
3966,NaN
3967,NaN
3968,NaN
3969,NaN
3970,NaN
3971,NaN
3972,NaN
3973,NaN
3974,NaN
3975,NaN
3976,NaN
3977,NaN
3978,NaN
3979,NaN
3980,NaN
3981,NaN
3982,NaN
3983,NaN
3984,NaN
3985,NaN
3986,NaN
3987,NaN
3988,NaN
3989,NaN
3990,NaN
3991,NaN
3992,NaN
3993,NaN
3994,NaN
3995,NaN
3996,NaN
3997,NaN
3998,NaN
3999,NaN
4000,NaN
4001,NaN
4002,NaN
4003,NaN
4004,NaN
4005,NaN
4006,NaN
4007,NaN
4008,NaN
4009,NaN
4010,NaN
4011,NaN
4012,NaN
4013,NaN
4014,NaN
4015,NaN
4016,NaN
4017,NaN
4018,NaN
4019,NaN
4020,NaN
4021,NaN
4022,NaN
4023,NaN
4024,NaN
4025,NaN
4026,NaN
4027,NaN
4028,NaN
4029,NaN
4030,NaN
4031,NaN
4032,NaN
4033,NaN
4034,NaN
4035,NaN
4036,NaN
4037,NaN
4038,NaN
4039,NaN
4040,NaN
4041,NaN
4042,NaN
4043,NaN
4044,NaN
4045,NaN
4046,NaN
4047,NaN
4048,NaN
4049,NaN
4050,NaN
4051,NaN
4052,NaN
4053,NaN
4054,NaN
4055,NaN
4056,NaN
4057,NaN
4058,NaN
4059,NaN
4060,NaN
4061,NaN
4062,NaN
4063,NaN
4064,NaN
4065,NaN
4066,NaN
4067,NaN
4068,NaN
4069,NaN
4070,NaN
4071,NaN
4072,NaN
4073,NaN
4074,NaN
4075,NaN
4076,NaN
4077,NaN
4078,NaN
4079,NaN
4080,NaN
4081,NaN
4082,NaN
4083,NaN
4084,NaN
4085,NaN
4086,NaN
4087,NaN
4088,NaN
4089,NaN
4090,NaN
4091,NaN
4092,NaN
4093,NaN
4094,NaN
4095,NaN
4096,NaN
4097,NaN
4098,NaN
4099,NaN
4100,NaN
4101,NaN
4102,NaN
4103,NaN
4104,NaN
4105,NaN
4106,NaN
4107,NaN
4108,NaN
4109,NaN
4110,NaN
4111,NaN
4112,NaN
4113,NaN
4114,NaN
4115,NaN
4116,NaN
4117,NaN
4118,NaN
4119,NaN
4120,NaN
4121,NaN
4122,NaN
4123,NaN
4124,NaN
4125,NaN
4126,NaN
4127,NaN
4128,NaN
4129,NaN
4130,NaN
4131,NaN
4132,NaN
4133,NaN
4134,NaN
4135,NaN
4136,NaN
4137,NaN
4138,NaN
4139,NaN
4140,NaN
4141,NaN
4142,NaN
4143,NaN
4144,NaN
4145,NaN
4146,NaN
4147,NaN
4148,NaN
4149,NaN
4150,NaN
4151,NaN
4152,NaN
4153,NaN
4154,NaN
4155,NaN
4156,NaN
4157,NaN
4158,NaN
4159,NaN
4160,NaN
4161,NaN
4162,NaN
4163,NaN
4164,NaN
4165,NaN
4166,NaN
4167,NaN
4168,NaN
4169,NaN
4170,NaN
4171,NaN
4172,NaN
4173,NaN
4174,NaN
4175,NaN
4176,NaN
4177,NaN
4178,NaN
4179,NaN
4180,NaN
4181,NaN
4182,NaN
4183,NaN
4184,NaN
4185,NaN
4186,NaN
4187,NaN
4188,NaN
4189,NaN
4190,NaN
4191,NaN
4192,NaN
4193,NaN
4194,NaN
4195,NaN
4196,NaN
4197,NaN
4198,NaN
4199,NaN
4200,NaN
4201,NaN
4202,NaN
4203,NaN
4204,NaN
4205,NaN
4206,NaN
4207,NaN
4208,NaN
4209,NaN
4210,NaN
4211,NaN
4212,NaN
4213,NaN
4214,NaN
4215,NaN
4216,NaN
4217,NaN
4218,NaN
4219,NaN
4220,NaN
4221,NaN
4222,NaN
4223,NaN
4224,NaN
4225,NaN
4226,NaN
4227,NaN
4228,NaN
4229,NaN
4230,NaN
4231,NaN
4232,NaN
4233,NaN
4234,NaN
4235,NaN
4236,NaN
4237,NaN
4238,NaN
4239,NaN
4240,NaN
4241,NaN
4242,NaN
4243,NaN
4244,NaN
4245,NaN
4246,NaN
4247,NaN
4248,NaN
4249,NaN
4250,NaN
4251,NaN
4252,NaN
4253,NaN
4254,NaN
4255,NaN
4256,NaN
4257,NaN
4258,NaN
4259,NaN
4260,NaN
4261,NaN
4262,NaN
4263,NaN
4264,NaN
4265,NaN
4266,NaN
4267,NaN
4268,NaN
4269,NaN
4270,NaN
4271,NaN
4272,NaN
4273,NaN
4274,NaN
4275,NaN
4276,NaN
4277,NaN
4278,NaN
4279,NaN
4280,NaN
4281,NaN
4282,NaN
4283,NaN
4284,NaN
4285,NaN
4286,NaN
4287,NaN
4288,NaN
4289,NaN
4290,NaN
4291,NaN
4292,NaN
4293,NaN
4294,NaN
4295,NaN
4296,NaN
4297,NaN
4298,NaN
4299,NaN
4300,NaN
4301,NaN
4302,NaN
4303,NaN
4304,NaN
4305,NaN
4306,NaN
4307,NaN
4308,NaN
4309,NaN
4310,NaN
4311,NaN
4312,NaN
4313,NaN
4314,NaN
4315,NaN
4316,NaN
4317,NaN
4318,NaN
4319,NaN
4320,NaN
4321,NaN
4322,NaN
4323,NaN
4324,NaN
4325,NaN
4326,NaN
4327,NaN
4328,NaN
4329,NaN
4330,NaN
4331,NaN
4332,NaN
4333,NaN
4334,NaN
4335,NaN
4336,NaN
4337,NaN
4338,NaN
4339,NaN
4340,NaN
4341,NaN
4342,NaN
4343,NaN
4344,NaN
4345,NaN
4346,NaN
4347,NaN
4348,NaN
4349,NaN
4350,NaN
4351,NaN
4352,NaN
4353,NaN
4354,NaN
4355,NaN
4356,NaN
4357,NaN
4358,NaN
4359,NaN
4360,NaN
4361,NaN
4362,NaN
4363,NaN
4364,NaN
4365,NaN
4366,NaN
4367,NaN
4368,NaN
4369,NaN
4370,NaN
4371,NaN
4372,NaN
4373,NaN
4374,NaN
4375,NaN
4376,NaN
4377,NaN
4378,NaN
4379,NaN
4380,NaN
4381,NaN
4382,NaN
4383,NaN
4384,NaN
4385,NaN
4386,NaN
4387,NaN
4388,NaN
4389,NaN
4390,NaN
4391,NaN
4392,NaN
4393,NaN
4394,NaN
4395,NaN
4396,NaN
4397,NaN
4398,NaN
4399,NaN
4400,NaN
4401,NaN
4402,NaN
4403,NaN
4404,NaN
4405,NaN
4406,NaN
4407,NaN
4408,NaN
4409,NaN
4410,NaN
4411,NaN
4412,NaN
4413,NaN
4414,NaN
4415,NaN
4416,NaN
4417,NaN
4418,NaN
4419,NaN
4420,NaN
4421,NaN
4422,NaN
4423,NaN
4424,NaN
4425,NaN
4426,NaN
4427,NaN
4428,NaN
4429,NaN
4430,NaN
4431,NaN
4432,NaN
4433,NaN
4434,NaN
4435,NaN
4436,NaN
4437,NaN
4438,NaN
4439,NaN
4440,NaN
4441,NaN
4442,NaN
4443,NaN
4444,NaN
4445,NaN
4446,NaN
4447,NaN
4448,NaN
4449,NaN
4450,NaN
4451,NaN
4452,NaN
4453,NaN
4454,NaN
4455,NaN
4456,NaN
4457,NaN
4458,NaN
4459,NaN
4460,NaN
4461,NaN
4462,NaN
4463,NaN
4464,NaN
4465,NaN
4466,NaN
4467,NaN
4468,NaN
4469,NaN
4470,NaN
4471,NaN
4472,NaN
4473,NaN
4474,NaN
4475,NaN
4476,NaN
4477,NaN
4478,NaN
4479,NaN
4480,NaN
4481,NaN
4482,NaN
4483,NaN
4484,NaN
4485,NaN
4486,NaN
4487,NaN
4488,NaN
4489,NaN
4490,NaN
4491,NaN
4492,NaN
4493,NaN
4494,NaN
4495,NaN
4496,NaN
4497,NaN
4498,NaN
4499,NaN
4500,NaN
4501,NaN
4502,NaN
4503,NaN
4504,NaN
4505,NaN
4506,NaN
4507,NaN
4508,NaN
4509,NaN
4510,NaN
4511,NaN
4512,NaN
4513,NaN
4514,NaN
4515,NaN
4516,NaN
4517,NaN
4518,NaN
4519,NaN
4520,NaN
4521,NaN
4522,NaN
4523,NaN
4524,NaN
4525,NaN
4526,NaN
4527,NaN
4528,NaN
4529,NaN
4530,NaN
4531,NaN
4532,NaN
4533,NaN
4534,NaN
4535,NaN
4536,NaN
4537,NaN
4538,NaN
4539,NaN
4540,NaN
4541,NaN
4542,NaN
4543,NaN
4544,NaN
4545,NaN
4546,NaN
4547,NaN
4548,NaN
4549,NaN
4550,NaN
4551,NaN
4552,NaN
4553,NaN
4554,NaN
4555,NaN
4556,NaN
4557,NaN
4558,NaN
4559,NaN
4560,NaN
4561,NaN
4562,NaN
4563,NaN
4564,NaN
4565,NaN
4566,NaN
4567,NaN
4568,NaN
4569,NaN
4570,NaN
4571,NaN
4572,NaN
4573,NaN
4574,NaN
4575,NaN
4576,NaN
4577,NaN
4578,NaN
4579,NaN
4580,NaN
4581,NaN
4582,NaN
4583,NaN
4584,NaN
4585,NaN
4586,NaN
4587,NaN
4588,NaN
4589,NaN
4590,NaN
4591,NaN
4592,NaN
4593,NaN
4594,NaN
4595,NaN
4596,NaN
4597,NaN
4598,NaN
4599,NaN
4600,NaN
4601,NaN
4602,NaN
4603,NaN
4604,NaN
4605,NaN
4606,NaN
4607,NaN
4608,NaN
4609,NaN
4610,NaN
4611,NaN
4612,NaN
4613,NaN
4614,NaN
4615,NaN
4616,NaN
4617,NaN
4618,NaN
4619,NaN
4620,NaN
4621,NaN
4622,NaN
4623,NaN
4624,NaN
4625,NaN
4626,NaN
4627,NaN
4628,NaN
4629,NaN
4630,NaN
4631,NaN
4632,NaN
4633,NaN
4634,NaN
4635,NaN
4636,NaN
4637,NaN
4638,NaN
4639,NaN
4640,NaN
4641,NaN
4642,NaN
4643,NaN
4644,NaN
4645,NaN
4646,NaN
4647,NaN
4648,NaN
4649,NaN
4650,NaN
4651,NaN
4652,NaN
4653,NaN
4654,NaN
4655,NaN
4656,NaN
4657,NaN
4658,NaN
4659,NaN
4660,NaN
4661,NaN
4662,NaN
4663,NaN
4664,NaN
4665,NaN
4666,NaN
4667,NaN
4668,NaN
4669,NaN
4670,NaN
4671,NaN
4672,NaN
4673,NaN
4674,NaN
4675,NaN
4676,NaN
4677,NaN
4678,NaN
4679,NaN
4680,NaN
4681,NaN
4682,NaN
4683,NaN
4684,NaN
4685,NaN
4686,NaN
4687,NaN
4688,NaN
4689,NaN
4690,NaN
4691,NaN
4692,NaN
4693,NaN
4694,NaN
4695,NaN
4696,NaN
4697,NaN
4698,NaN
4699,NaN
4700,NaN
4701,NaN
4702,NaN
4703,NaN
4704,NaN
4705,NaN
4706,NaN
4707,NaN
4708,NaN
4709,NaN
4710,NaN
4711,NaN
4712,NaN
4713,NaN
4714,NaN
4715,NaN
4716,NaN
4717,NaN
4718,NaN
4719,NaN
4720,NaN
4721,NaN
4722,NaN
4723,NaN
4724,NaN
4725,NaN
4726,NaN
4727,NaN
4728,NaN
4729,NaN
4730,NaN
4731,NaN
4732,NaN
4733,NaN
4734,NaN
4735,NaN
4736,NaN
4737,NaN
4738,NaN
4739,NaN
4740,NaN
4741,NaN
4742,NaN
4743,NaN
4744,NaN
4745,NaN
4746,NaN
4747,NaN
4748,NaN
4749,NaN
4750,NaN
4751,NaN
4752,NaN
4753,NaN
4754,NaN
4755,NaN
4756,NaN
4757,NaN
4758,NaN
4759,NaN
4760,NaN
4761,NaN
4762,NaN
4763,NaN
4764,NaN
4765,NaN
4766,NaN
4767,NaN
4768,NaN
4769,NaN
4770,NaN
4771,NaN
4772,NaN
4773,NaN
4774,NaN
4775,NaN
4776,NaN
4777,NaN
4778,NaN
4779,NaN
4780,NaN
4781,NaN
4782,NaN
4783,NaN
4784,NaN
4785,NaN
4786,NaN
4787,NaN
4788,NaN
4789,NaN
4790,NaN
4791,NaN
4792,NaN
4793,NaN
4794,NaN
4795,NaN
4796,NaN
4797,NaN
4798,NaN
4799,NaN
4800,NaN
4801,NaN
4802,NaN
4803,NaN
4804,NaN
4805,NaN
4806,NaN
4807,NaN
4808,NaN
4809,NaN
4810,NaN
4811,NaN
4812,NaN
4813,NaN
4814,NaN
4815,NaN
4816,NaN
4817,NaN
4818,NaN
4819,NaN
4820,NaN
4821,NaN
4822,NaN
4823,NaN
4824,NaN
4825,NaN
4826,NaN
4827,NaN
4828,NaN
4829,NaN
4830,NaN
4831,NaN
4832,NaN
4833,NaN
4834,NaN
4835,NaN
4836,NaN
4837,NaN
4838,NaN
4839,NaN
4840,NaN
4841,NaN
4842,NaN
4843,NaN
4844,NaN
4845,NaN
4846,NaN
4847,NaN
4848,NaN
4849,NaN
4850,NaN
4851,NaN
4852,NaN
4853,NaN
4854,NaN
4855,NaN
4856,NaN
4857,NaN
4858,NaN
4859,NaN
4860,NaN
4861,NaN
4862,NaN
4863,NaN
4864,NaN
4865,NaN
4866,NaN
4867,NaN
4868,NaN
4869,NaN
4870,NaN
4871,NaN
4872,NaN
4873,NaN
4874,NaN
4875,NaN
4876,NaN
4877,NaN
4878,NaN
4879,NaN
4880,NaN
4881,NaN
4882,NaN
4883,NaN
4884,NaN
4885,NaN
4886,NaN
4887,NaN
4888,NaN
4889,NaN
4890,NaN
4891,NaN
4892,NaN
4893,NaN
4894,NaN
4895,NaN
4896,NaN
4897,NaN
4898,NaN
4899,NaN
4900,NaN
4901,NaN
4902,NaN
4903,NaN
4904,NaN
4905,NaN
4906,NaN
4907,NaN
4908,NaN
4909,NaN
4910,NaN
4911,NaN
4912,NaN
4913,NaN
4914,NaN
4915,NaN
4916,NaN
4917,NaN
4918,NaN
4919,NaN
4920,NaN
4921,NaN
4922,NaN
4923,NaN
4924,NaN
4925,NaN
4926,NaN
4927,NaN
4928,NaN
4929,NaN
4930,NaN
4931,NaN
4932,NaN
4933,NaN
4934,NaN
4935,NaN
4936,NaN
4937,NaN
4938,NaN
4939,NaN
4940,NaN
4941,NaN
4942,NaN
4943,NaN
4944,NaN
4945,NaN
4946,NaN
4947,NaN
4948,NaN
4949,NaN
4950,NaN
4951,NaN
4952,NaN
4953,NaN
4954,NaN
4955,NaN
4956,NaN
4957,NaN
4958,NaN
4959,NaN
4960,NaN
4961,NaN
4962,NaN
4963,NaN
4964,NaN
4965,NaN
4966,NaN
4967,NaN
4968,NaN
4969,NaN
4970,NaN
4971,NaN
4972,NaN
4973,NaN
4974,NaN
4975,NaN
4976,NaN
4977,NaN
4978,NaN
4979,NaN
4980,NaN
4981,NaN
4982,NaN
4983,NaN
4984,NaN
4985,NaN
4986,NaN
4987,NaN
4988,NaN
4989,NaN
4990,NaN
4991,NaN
4992,NaN
4993,NaN
4994,NaN
4995,NaN
4996,NaN
4997,NaN
4998,NaN
4999,NaN
5000,NaN
5001,NaN
5002,NaN
5003,NaN
5004,NaN
5005,NaN
5006,NaN
5007,NaN
5008,NaN
5009,NaN
5010,NaN
5011,NaN
5012,NaN
5013,NaN
5014,NaN
5015,NaN
5016,NaN
5017,NaN
5018,NaN
5019,NaN
5020,NaN
5021,NaN
5022,NaN
5023,NaN
5024,NaN
5025,NaN
5026,NaN
5027,NaN
5028,NaN
5029,NaN
5030,NaN
5031,NaN
5032,NaN
5033,NaN
5034,NaN
5035,NaN
5036,NaN
5037,NaN
5038,NaN
5039,NaN
5040,NaN
5041,NaN
5042,NaN
5043,NaN
5044,NaN
5045,NaN
5046,NaN
5047,NaN
5048,NaN
5049,NaN
5050,NaN
5051,NaN
5052,NaN
5053,NaN
5054,NaN
5055,NaN
5056,NaN
5057,NaN
5058,NaN
5059,NaN
5060,NaN
5061,NaN
5062,NaN
5063,NaN
5064,NaN
5065,NaN
5066,NaN
5067,NaN
5068,NaN
5069,NaN
5070,NaN
5071,NaN
5072,NaN
5073,NaN
5074,NaN
5075,NaN
5076,NaN
5077,NaN
5078,NaN
5079,NaN
5080,NaN
5081,NaN
5082,NaN
5083,NaN
5084,NaN
5085,NaN
5086,NaN
5087,NaN
5088,NaN
5089,NaN
5090,NaN
5091,NaN
5092,NaN
5093,NaN
5094,NaN
5095,NaN
5096,NaN
5097,NaN
5098,NaN
5099,NaN
5100,NaN
5101,NaN
5102,NaN
5103,NaN
5104,NaN
5105,NaN
5106,NaN
5107,NaN
5108,NaN
5109,NaN
5110,NaN
5111,NaN
5112,NaN
5113,NaN
5114,NaN
5115,NaN
5116,NaN
5117,NaN
5118,NaN
5119,NaN
5120,NaN
5121,NaN
5122,NaN
5123,NaN
5124,NaN
5125,NaN
5126,NaN
5127,NaN
5128,NaN
5129,NaN
5130,NaN
5131,NaN
5132,NaN
5133,NaN
5134,NaN
5135,NaN
5136,NaN
5137,NaN
5138,NaN
5139,NaN
5140,NaN
5141,NaN
5142,NaN
5143,NaN
5144,NaN
5145,NaN
5146,NaN
5147,NaN
5148,NaN
5149,NaN
5150,NaN
5151,NaN
5152,NaN
5153,NaN
5154,NaN
5155,NaN
5156,NaN
5157,NaN
5158,NaN
5159,NaN
5160,NaN
5161,NaN
5162,NaN
5163,NaN
5164,NaN
5165,NaN
5166,NaN
5167,NaN
5168,NaN
5169,NaN
5170,NaN
5171,NaN
5172,NaN
5173,NaN
5174,NaN
5175,NaN
5176,NaN
5177,NaN
5178,NaN
5179,NaN
5180,NaN
5181,NaN
5182,NaN
5183,NaN
5184,NaN
5185,NaN
5186,NaN
5187,NaN
5188,NaN
5189,NaN
5190,NaN
5191,NaN
5192,NaN
5193,NaN
5194,NaN
5195,NaN
5196,NaN
5197,NaN
5198,1
5199,1
5200,NaN
5201,NaN
5202,1
5203,1
5204,NaN
5205,NaN
5206,NaN
5207,NaN
5208,NaN
5209,NaN
5210,NaN
5211,NaN
5212,NaN
5213,NaN
5214,NaN
5215,NaN
5216,NaN
5217,NaN
5218,NaN
5219,NaN
5220,NaN
5221,NaN
5222,NaN
5223,NaN
5224,NaN
5225,NaN
5226,NaN
5227,NaN
5228,NaN
5229,NaN
5230,NaN
5231,NaN
5232,1
5233,NaN
5234,NaN
5235,NaN
5236,NaN
5237,NaN
5238,NaN
5239,NaN
5240,NaN
5241,NaN
5242,NaN
5243,NaN
5244,NaN
5245,NaN
5246,NaN
5247,NaN
5248,NaN
5249,NaN
5250,NaN
5251,NaN
5252,NaN
5253,NaN
5254,NaN
5255,NaN
5256,NaN
5257,NaN
5258,NaN
5259,NaN
5260,NaN
5261,NaN
5262,NaN
5263,NaN
5264,NaN
5265,NaN
5266,NaN
5267,NaN
5268,NaN
5269,NaN
5270,NaN
5271,NaN
5272,NaN
5273,NaN
5274,NaN
5275,NaN
5276,NaN
5277,NaN
5278,NaN
5279,NaN
5280,NaN
5281,NaN
5282,NaN
5283,NaN
5284,NaN
5285,NaN
5286,NaN
5287,NaN
5288,NaN
5289,NaN
5290,1
5291,NaN
5292,NaN
5293,NaN
5294,NaN
5295,NaN
5296,NaN
5297,NaN
5298,NaN
5299,NaN
5300,NaN
5301,NaN
5302,NaN
5303,NaN
5304,NaN
5305,NaN
5306,NaN
5307,NaN
5308,NaN
5309,NaN
5310,NaN
5311,NaN
5312,NaN
5313,NaN
5314,NaN
5315,NaN
5316,NaN
5317,NaN
5318,NaN
5319,NaN
5320,NaN
5321,NaN
5322,NaN
5323,NaN
5324,NaN
5325,NaN
5326,NaN
5327,NaN
5328,NaN
5329,NaN
5330,NaN
5331,NaN
5332,NaN
5333,NaN
5334,NaN
5335,NaN
5336,NaN
5337,NaN
5338,NaN
5339,NaN
5340,NaN
5341,NaN
5342,NaN
5343,NaN
5344,NaN
5345,NaN
5346,NaN
5347,NaN
5348,NaN
5349,NaN
5350,NaN
5351,NaN
5352,NaN
5353,NaN
5354,NaN
5355,NaN
5356,NaN
5357,1
5358,NaN
5359,NaN
5360,NaN
5361,NaN
5362,NaN
5363,NaN
5364,NaN
5365,NaN
5366,NaN
5367,NaN
5368,NaN
5369,NaN
5370,1
5371,NaN
5372,NaN
5373,NaN
5374,NaN
5375,NaN
5376,NaN
5377,NaN
5378,NaN
5379,NaN
5380,NaN
5381,NaN
5382,NaN
5383,NaN
5384,NaN
5385,NaN
5386,NaN
5387,NaN
5388,NaN
5389,NaN
5390,NaN
5391,NaN
5392,NaN
5393,NaN
5394,NaN
5395,NaN
5396,NaN
5397,NaN
5398,NaN
5399,NaN
5400,NaN
5401,NaN
5402,NaN
5403,NaN
5404,NaN
5405,NaN
5406,NaN
5407,NaN
5408,NaN
5409,NaN
5410,NaN
5411,NaN
5412,NaN
5413,NaN
5414,NaN
5415,NaN
5416,NaN
5417,NaN
5418,NaN
5419,NaN
5420,NaN
5421,NaN
5422,NaN
5423,NaN
5424,NaN
5425,NaN
5426,NaN
5427,NaN
5428,NaN
5429,NaN
5430,NaN
5431,NaN
5432,NaN
5433,NaN
5434,NaN
5435,NaN
5436,NaN
5437,NaN
5438,NaN
5439,NaN
5440,NaN
5441,NaN
5442,NaN
5443,NaN
5444,NaN
5445,NaN
5446,NaN
5447,NaN
5448,NaN
5449,NaN
5450,NaN
5451,NaN
5452,NaN
5453,NaN
5454,NaN
5455,NaN
5456,NaN
5457,NaN
5458,NaN
5459,NaN
5460,NaN
5461,NaN
5462,NaN
5463,NaN
5464,NaN
5465,NaN
5466,NaN
5467,NaN
5468,NaN
5469,NaN
5470,NaN
5471,NaN
5472,NaN
5473,NaN
5474,NaN
5475,NaN
5476,NaN
5477,NaN
5478,NaN
5479,1
5480,NaN
5481,1
5482,NaN
5483,NaN
5484,NaN
5485,1
5486,NaN
5487,NaN
5488,NaN
5489,1
5490,NaN
5491,NaN
5492,1
5493,NaN
5494,NaN
5495,NaN
5496,NaN
5497,NaN
5498,NaN
5499,NaN
5500,NaN
5501,NaN
5502,NaN
5503,NaN
5504,NaN
5505,NaN
5506,NaN
5507,NaN
5508,NaN
5509,NaN
5510,NaN
5511,NaN
5512,NaN
5513,NaN
5514,NaN
5515,NaN
5516,NaN
5517,NaN
5518,NaN
5519,NaN
5520,1
5521,NaN
5522,NaN
5523,NaN
5524,NaN
5525,NaN
5526,NaN
5527,NaN
5528,NaN
5529,NaN
5530,NaN
5531,NaN
5532,NaN
5533,NaN
5534,NaN
5535,NaN
5536,NaN
5537,NaN
5538,NaN
5539,NaN
5540,NaN
5541,NaN
5542,NaN
5543,NaN
5544,NaN
5545,NaN
5546,NaN
5547,NaN
5548,NaN
5549,1
5550,NaN
5551,NaN
5552,NaN
5553,NaN
5554,NaN
5555,NaN
5556,NaN
5557,NaN
5558,NaN
5559,NaN
5560,NaN
5561,NaN
5562,NaN
5563,NaN
5564,NaN
5565,NaN
5566,NaN
5567,NaN
5568,NaN
5569,NaN
5570,NaN
5571,NaN
5572,NaN
5573,NaN
5574,NaN
5575,NaN
5576,NaN
5577,NaN
5578,NaN
5579,NaN
5580,NaN
5581,NaN
5582,NaN
5583,NaN
5584,NaN
5585,NaN
5586,NaN
5587,NaN
5588,NaN
5589,NaN
5590,NaN
5591,NaN
5592,NaN
5593,NaN
5594,NaN
5595,NaN
5596,NaN
5597,NaN
5598,NaN
5599,NaN
5600,NaN
5601,NaN
5602,NaN
5603,NaN
5604,NaN
5605,NaN
5606,NaN
5607,NaN
5608,NaN
5609,NaN
5610,NaN
5611,NaN
5612,NaN
5613,NaN
5614,NaN
5615,NaN
5616,1
5617,NaN
5618,NaN
5619,NaN
5620,NaN
5621,1
5622,NaN
5623,NaN
5624,NaN
5625,NaN
5626,NaN
5627,NaN
5628,NaN
5629,NaN
5630,NaN
5631,NaN
5632,NaN
5633,NaN
5634,NaN
5635,NaN
5636,NaN
5637,NaN
5638,NaN
5639,NaN
5640,NaN
5641,NaN
5642,NaN
5643,NaN
5644,NaN
5645,NaN
5646,NaN
5647,NaN
5648,NaN
5649,NaN
5650,NaN
5651,NaN
5652,NaN
5653,NaN
5654,NaN
5655,NaN
5656,NaN
5657,NaN
5658,NaN
5659,NaN
5660,NaN
5661,1
5662,NaN
5663,NaN
5664,NaN
5665,NaN
5666,NaN
5667,NaN
5668,NaN
5669,NaN
5670,NaN
5671,NaN
5672,NaN
5673,NaN
5674,NaN
5675,NaN
5676,NaN
5677,NaN
5678,NaN
5679,NaN
5680,NaN
5681,NaN
5682,NaN
5683,NaN
5684,NaN
5685,NaN
5686,NaN
5687,NaN
5688,NaN
5689,NaN
5690,NaN
5691,NaN
5692,1
5693,NaN
5694,NaN
5695,NaN
5696,NaN
5697,NaN
5698,NaN
5699,NaN
5700,NaN
5701,NaN
5702,NaN
5703,NaN
5704,NaN
5705,NaN
5706,NaN
5707,NaN
5708,NaN
5709,NaN
5710,NaN
5711,NaN
5712,NaN
5713,NaN
5714,NaN
5715,NaN
5716,1
5717,NaN
5718,NaN
5719,NaN
5720,NaN
5721,NaN
5722,NaN
5723,NaN
5724,NaN
5725,NaN
5726,NaN
5727,NaN
5728,NaN
5729,NaN
5730,1
5731,NaN
5732,NaN
5733,NaN
5734,NaN
5735,NaN
5736,NaN
5737,NaN
5738,NaN
5739,NaN
5740,NaN
5741,NaN
5742,NaN
5743,NaN
5744,NaN
5745,NaN
5746,1
5747,NaN
5748,NaN
5749,NaN
5750,NaN
5751,NaN
5752,NaN
5753,NaN
5754,NaN
5755,NaN
5756,1
5757,NaN
5758,NaN
5759,NaN
5760,NaN
5761,NaN
5762,NaN
5763,NaN
5764,NaN
5765,NaN
5766,NaN
5767,1
5768,NaN
5769,NaN
5770,NaN
5771,NaN
5772,NaN
5773,NaN
5774,NaN
5775,NaN
5776,NaN
5777,NaN
5778,1
5779,NaN
5780,NaN
5781,NaN
5782,NaN
5783,NaN
5784,NaN
5785,NaN
5786,NaN
5787,NaN
5788,NaN
5789,NaN
5790,NaN
5791,NaN
5792,NaN
5793,NaN
5794,NaN
5795,NaN
5796,NaN
5797,NaN
5798,NaN
5799,1
5800,NaN
5801,NaN
5802,NaN
5803,NaN
5804,NaN
5805,NaN
5806,1
5807,NaN
5808,NaN
5809,NaN
5810,NaN
5811,NaN
5812,NaN
5813,NaN
5814,NaN
5815,NaN
5816,NaN
5817,NaN
5818,NaN
5819,NaN
5820,1
5821,NaN
5822,1
5823,NaN
5824,NaN
5825,NaN
5826,NaN
5827,NaN
5828,NaN
5829,NaN
5830,NaN
5831,NaN
5832,NaN
5833,NaN
5834,NaN
5835,NaN
5836,NaN
5837,NaN
5838,NaN
5839,NaN
5840,NaN
5841,NaN
5842,NaN
5843,NaN
5844,NaN
5845,NaN
5846,1
5847,NaN
5848,NaN
5849,NaN
5850,NaN
5851,NaN
5852,NaN
5853,1
5854,NaN
5855,NaN
5856,NaN
5857,NaN
5858,NaN
5859,NaN
5860,NaN
5861,1
5862,NaN
5863,NaN
5864,NaN
5865,NaN
5866,NaN
5867,NaN
5868,1
5869,NaN
5870,NaN
5871,NaN
5872,NaN
5873,NaN
5874,NaN
5875,NaN
5876,NaN
5877,NaN
5878,NaN
5879,NaN
5880,NaN
5881,NaN
5882,NaN
5883,NaN
5884,NaN
5885,NaN
5886,NaN
5887,NaN
5888,NaN
5889,NaN
5890,NaN
5891,NaN
5892,NaN
5893,NaN
5894,NaN
5895,NaN
5896,NaN
5897,NaN
5898,NaN
5899,NaN
5900,NaN
5901,NaN
5902,NaN
5903,1
5904,NaN
5905,NaN
5906,NaN
5907,NaN
5908,NaN
5909,NaN
5910,NaN
5911,NaN
5912,NaN
5913,NaN
5914,NaN
5915,NaN
5916,NaN
5917,NaN
5918,NaN
5919,NaN
5920,NaN
5921,NaN
5922,NaN
5923,NaN
5924,NaN
5925,NaN
5926,NaN
5927,NaN
5928,NaN
5929,NaN
5930,NaN
5931,NaN
5932,NaN
5933,NaN
5934,NaN
5935,NaN
5936,NaN
5937,NaN
5938,NaN
5939,NaN
5940,NaN
5941,NaN
5942,NaN
5943,NaN
5944,NaN
5945,NaN
5946,NaN
5947,NaN
5948,NaN
5949,NaN
5950,NaN
5951,NaN
5952,NaN
5953,NaN
5954,NaN
5955,NaN
5956,NaN
5957,NaN
5958,NaN
5959,NaN
5960,NaN
5961,NaN
5962,NaN
5963,NaN
5964,NaN
5965,NaN
5966,NaN
5967,NaN
5968,NaN
5969,NaN
5970,NaN
5971,NaN
5972,NaN
5973,NaN
5974,NaN
5975,NaN
